{
  "manifest": {
    "publishingInformation": {
      "locales": {
        "en-US": {
          "summary": "An APL video demo. Find the code base on GitHub.",
          "examplePhrases": [
            "Alexa, prece dormir",
            "help",
            "stop"
          ],
          "keywords": [],
          "name": "Dormir",
          "description": "A demo that demonstrates how to build a video skill with play and pause capabilities using Alexa Presentation Language (APL).",
          "smallIconUri": "file://assets/images/en-US_smallIconUri.png",
          "largeIconUri": "file://assets/images/en-US_largeIconUri.png"
        },
        "pt-BR": {
          "summary": "An APL video demo. Find the code base on GitHub.",
          "examplePhrases": [
            "Alexa, prece dormir",
            "parar",
            "stop"
          ],
          "keywords": [],
          "name": "Dormir",
          "description": "A demo that demonstrates how to build a video skill with play and pause capabilities using Alexa Presentation Language (APL).",
          "smallIconUri": "file://assets/images/en-US_smallIconUri.png",
          "largeIconUri": "file://assets/images/en-US_largeIconUri.png"
      }
      },
      "automaticDistribution": {
        "isActive": false
      },
      "isAvailableWorldwide": true,
      "testingInstructions": "Say play or pause.",
      "category": "RELIGION_AND_SPIRITUALITY",
      "distributionMode": "PUBLIC",
      "distributionCountries": []
    },
    "apis": {
      "custom": {
        "endpoint": {
          "uri": "arn:aws:lambda:us-east-1:542952357312:function:42ef5e42-245a-43f8-911e-f80ac9daccca:Release_1"
        },
        "interfaces": [
          {
            "type": "ALEXA_PRESENTATION_APL"
          }
        ],
        "regions": {
          "EU": {
            "endpoint": {
              "uri": "arn:aws:lambda:eu-west-1:542952357312:function:42ef5e42-245a-43f8-911e-f80ac9daccca:Release_1"
            }
          },
          "NA": {
            "endpoint": {
              "uri": "arn:aws:lambda:us-east-1:542952357312:function:42ef5e42-245a-43f8-911e-f80ac9daccca:Release_1"
            }
          },
          "FE": {
            "endpoint": {
              "uri": "arn:aws:lambda:us-west-2:542952357312:function:42ef5e42-245a-43f8-911e-f80ac9daccca:Release_1"
            }
          },
         "BR": {
           "endpoint": {
              "uri": "arn:aws:lambda:us-west-2:542952357312:function:42ef5e42-245a-43f8-911e-f80ac9daccca:Release_1"
            }
        }
      }
    },
    "tasks": [
      {
        "name": "Prece",
        "version": "1"
      }
    ],
    "manifestVersion": "1.0",
    "privacyAndCompliance": {
      "allowsPurchases": false,
      "locales": {
        "en-US": {}
      },
      "containsAds": false,
      "isExportCompliant": true,
      "isChildDirected": false,
      "shoppingKit": {
        "isShoppingActionsEnabled": false,
        "isAmazonAssociatesOnAlexaEnabled": false
      },
      "usesPersonalInfo": false
    }
  }
}